Date,Revenue,COGS,Payroll,Marketing,R&D,Consulting,Travel,Profit
2023-01-01,101179.52785474136,44282.283254890244,12805.942722342006,9344.166758843876,6964.0595200181015,3605.393268180392,1239.4304125859103,22938.251917880843
2023-01-02,70026.98973201838,32264.726085459184,9823.318986277394,5392.308301541912,5393.836545654501,2379.90197289658,729.1271064558152,14043.770733733
2023-01-03,113744.91512053722,47614.01751247794,15875.108931165758,8043.339999302608,8138.540419818468,2567.378029299934,1906.067521752195,29600.462706720326
2023-01-04,105197.32713846989,45105.835959421085,13577.64310912777,10399.717851883228,6359.851640875659,4176.1324326956865,1277.7737733459353,24300.37237112054
2023-01-05,114970.15164789479,48394.625998792,15985.36643613966,9094.836696426588,7774.4550131004,3697.5832960157777,2287.4256636684095,27735.85854375195
2023-01-06,56556.16932709466,27406.481065967666,6197.915541694436,5279.160923053512,3355.0731982704633,1697.5667802453518,867.4021801589677,11752.56963770427
2023-01-07,131325.62057171093,73426.2130237767,13461.299811628898,12825.86680554037,10502.69913562045,3630.416061735039,1692.7570393493272,15786.368694060147
2023-01-08,97906.1555776724,41930.92628211482,14067.32200560672,8201.376537984157,7094.786761529738,3717.8350039460297,1622.96824730498,21270.940739185942
2023-01-09,116622.74225106275,49688.76215800594,12102.842837706525,9032.07381337926,7980.663261067252,2901.488649264236,1487.1964444453984,33429.71508719414
2023-01-10,84401.41109311704,44621.82669273175,9481.183687848636,4234.886593205676,5291.780621880825,2170.4141903640984,1536.3371898250987,17064.982117260966
2023-01-11,109191.60857593855,47982.78882735411,14715.31058673478,5678.07087614309,7484.491716347173,2451.1568293024607,1428.4839879807382,29451.305752076194
2023-01-12,84198.76655239516,35323.23558333994,10143.627221021588,5055.50956022239,5072.847860446825,2962.313161339193,1674.080066683322,23967.153099341893
2023-01-13,90643.46558956293,39282.13290727413,13035.953317840778,5375.19572409352,4610.665551943015,2892.522325898397,1454.9588612577684,23992.036901255313
2023-01-14,128710.4703080018,75262.96860351408,14788.703006463305,8075.02973266369,7961.084401174561,4142.073268028826,2373.9502642173215,16106.66103194002
2023-01-15,97139.7639885498,54815.41031903143,9771.635389539371,6338.052136321727,7568.588815723311,2367.2386019251453,1042.1304151811316,15236.708310827686
2023-01-16,103261.49309769584,48616.844311432185,11878.456827396914,7022.119678735141,7103.25824013692,3410.0422643395987,1392.274109820512,23838.49766583457
2023-01-17,113051.01596033131,60048.64719098168,14572.700176616316,8029.661453611437,5937.289123851446,3991.7374219401395,1964.2468030903892,18506.7337902399
2023-01-18,107435.22831958906,54518.55826205296,12762.974091736316,5902.8477982366385,8224.146143473636,2917.701286621315,1778.1164341038022,21330.884303364364
2023-01-19,102256.28357715365,54750.555571590325,12960.333367243411,5329.4028651896715,5937.638464088595,3683.9812874768936,1221.188632853955,18373.183388710793
2023-01-20,105474.41503699338,56590.634108525286,15170.375194031958,8827.915578519965,6045.0640924526215,2845.257966656339,1430.4471076696782,14564.720989137524
2023-01-21,136051.23377857413,71528.50120492338,19812.359249484947,10457.814982533446,8015.149474339742,4783.9381368380555,1718.9303439808573,19734.540386473716
2023-01-22,99135.71804449621,44930.317266312326,11231.948298484554,7158.313622344386,6673.4266462818805,2049.5915293407043,1599.4261025091105,25492.69457922326
2023-01-23,103016.48570072452,42010.25515763967,12682.052942889191,8418.71294140313,6834.17988069411,3195.9105197436115,1385.1269378368838,28490.247320517912
2023-01-24,115759.81594011417,56851.1917423667,14754.4221004597,10578.591588770943,7494.5697705732655,4559.840642976787,1515.3587810958618,20005.84131387093
2023-01-25,116582.88899436976,67407.61749690364,17190.80250966578,8322.228197077166,8338.720064966312,4619.584387040992,1407.5961306745637,9296.340208041307
2023-01-26,117805.4545834057,60540.15851811912,17662.673820291682,9666.641230306202,7008.968869151729,3019.948903100022,1659.910804996975,18247.15243743996
2023-01-27,109580.95333043777,62075.22211085735,12247.902870491282,10703.715334386003,8050.0289417164795,3158.9977306042374,1310.0431354274601,12035.043206954957
2023-01-28,82854.92630904274,49574.162896078196,11297.18581433002,7621.097602045977,4578.534257725233,1761.4591246874581,1626.0855853854216,6396.401028790438
2023-01-29,124501.47298451644,53874.68087767673,14803.418502548355,8876.960069233213,9148.196880077589,4664.675043990255,1437.371760944578,31696.169850045713
2023-01-30,82804.81910471967,44578.432095856246,8314.051799293384,6809.524011686818,5789.241225790022,2597.7066678695214,1584.308508143687,13131.554796080003
2023-01-31,104539.5319785855,55913.87971358788,10502.31591611208,6152.522164134724,7369.644906648833,2895.9555343932534,1493.319091252891,20211.894652455827
2023-02-01,88685.86224970964,52855.98366293763,10910.87090014921,6919.812776361094,5715.5024597907195,1973.7403293140299,1221.9723352620247,9087.979785894946
2023-02-02,99037.92480110511,59137.54019506833,12321.976299704387,9811.332115203559,6933.649669131335,3856.075840525849,1219.4735784812613,5757.877102990373
2023-02-03,104931.43615455221,56383.40904278629,10611.557149206412,7965.949278668253,5497.768368618877,3211.3616463781655,1716.422613640897,19544.96805525331
2023-02-04,104820.3582317541,47035.301245927214,14082.234718450201,10102.786853118023,7918.814705840657,2689.539302239848,1766.7765034309327,21224.90490274722
2023-02-05,106328.81131352927,59513.42313259285,12195.932672925477,7482.012460856596,5493.628704931358,2871.335396088513,1560.4507593455187,17212.028186788957
2023-02-06,124205.6690358797,52340.992658554474,15897.661766830286,12413.392952968723,6764.519614203873,3156.5558699688327,1311.2478128539342,32321.298360499582
2023-02-07,106803.0145227097,59397.413633346245,12287.254659343298,8433.273017848149,7188.237114530879,3421.5623255594187,2049.0266748595513,14026.247097222164
2023-02-08,96337.65047064026,56072.29140177275,10438.83140744049,5020.487303154362,6953.877394025237,3718.563127692196,1907.8025581987092,12225.79727835652
2023-02-09,114461.30752432537,54548.44519556441,13776.412677912294,9081.101437489568,5984.900988891691,4250.392008021424,1637.9910042922268,25182.06421215374
2023-02-10,117842.05733386961,61999.89505117943,13152.78429192561,7509.913434022988,9147.247467197847,3441.8857370246947,1901.571093841483,20688.760258677547
2023-02-11,81585.88277294511,39653.06801247525,10340.1987677837,4211.795005243795,6462.273323704152,2980.3312571509805,1183.2389370648566,16754.977469522375
2023-02-12,108961.00104774786,53124.26414214492,11979.327889618151,9920.099942031518,7428.798175466679,3101.259956728118,1440.3333002519917,21966.917641506487
2023-02-13,110517.59113466348,51067.32505837603,13861.149306327856,7049.528320910594,7121.4555798602705,2768.039371147652,1190.6267787074842,27459.46671933359
2023-02-14,95536.54744960013,52776.86550921968,10305.424742625872,8581.802308958691,6901.736850922985,3789.7726454381036,1391.076838149331,11789.868554285466
2023-02-15,120635.6021996743,70841.48559655939,16110.732126945888,7770.2451942044945,7220.127718024206,3145.905239256577,2193.6191598701002,13353.487164813632
2023-02-16,97749.16619451209,57491.18889519271,13459.755620289725,5837.220262764661,6333.943924141065,2587.8587970088406,994.1397731493871,11045.058921965698
2023-02-17,101883.64680207314,44314.929659991314,10750.733038772592,10055.587742105148,7894.406569103111,4054.3433077233212,1611.9090039598002,23201.73748041787
2023-02-18,97403.92263574195,56002.26160974772,12018.68176111912,6631.479808098472,7662.7337449867,2208.9797163769654,1831.9458097387565,11047.840185674213
2023-02-19,100233.685713722,54876.56855257344,10378.555159844082,8025.59199436123,7799.390918081278,3529.2962088497884,1220.3946690898053,14403.888210922392
2023-02-20,83555.87369657197,37647.55946219827,10854.670213017902,6726.17051337122,4835.666010882802,3234.970526959906,988.6797758068734,19268.157194335006
2023-02-21,78399.23676108559,32414.7071641966,8876.378433810303,6116.996499415803,4466.72369776157,2370.4714738084517,1389.451347845445,22764.50814424742
2023-02-22,123917.57594837458,56208.94471397018,15660.854779963982,11863.222760790983,7302.454718037665,2484.60133091415,1555.2726814999942,28842.224963197616
2023-02-23,87295.57977522508,50844.581291205846,10988.160918786254,7308.565206220992,5520.5142712772595,2400.731355029249,1040.5495771965384,9192.47715550894
2023-02-24,85129.1147581554,44832.03391878596,12447.384836532126,5974.927399812942,5058.7995500129655,1892.5376862867024,1173.0700504721297,13750.361316252573
2023-02-25,67699.14829594428,36842.616601899084,8628.538155169175,6304.078291768329,4144.974041386566,1917.4939694487346,942.7120023108231,8918.735233961568
2023-02-26,90415.57378465746,40816.34498898351,11677.164481431471,5339.323984967046,6204.236073371657,3236.925934875589,1694.4792294307933,21447.09909159738
2023-02-27,80153.65309888752,43593.77897263354,9625.06357531885,6188.810868602814,5841.2592129679215,2306.359727971906,1297.2415660953102,11301.139175297169
2023-02-28,124630.22740204554,50553.04890527936,18377.22307857043,12154.876820724743,8981.694935629359,3569.2230699208794,1752.2529602211414,29241.90763169962
2023-03-01,115147.25634013952,54702.34717838608,15989.26689092331,9358.003877124756,8570.721994444393,3585.200739328123,1766.8056424883805,21174.91001744446
2023-03-02,89677.74482233415,47112.26330035819,10247.499621969537,8147.081652595892,4570.473982081006,2836.848892937819,1752.2719558585654,15011.305416533141
2023-03-03,133786.53708016462,57423.76554868156,19025.847560560574,11061.208166122793,6880.911006693242,4966.949098978126,1489.3313661045324,32938.524333023786
2023-03-04,114726.48230487392,64774.65392607641,13953.013898760724,10551.227441389023,8453.218023380086,3002.0603429437174,1385.569534324694,12606.739137999262
2023-03-05,95127.52924737066,42522.60104930393,13454.205821378418,9248.71638305681,6277.690600223743,3465.821729605263,1866.9050693461706,18291.588594456334
2023-03-06,62508.91427689641,33158.24254387994,8822.783413711612,3978.4477573771364,4209.614088330326,1957.6963692058043,1223.5025116862626,9158.627592705328
2023-03-07,134364.13858886113,64634.44843970487,14705.282856361524,7858.025181198746,6930.180574656985,3494.890653142078,1581.68817804835,35159.62270574857
2023-03-08,79156.41299854606,41098.69980117182,10690.63214815792,5873.36923596724,4564.112390619557,2050.3506404903637,906.4270645664666,13972.82171757269
2023-03-09,75319.01879564663,31746.22155687052,8626.44904296572,6409.130405678896,5208.357536420868,2050.390844686917,1070.347379434645,20208.12202958906
2023-03-10,115338.5564801446,46525.562177856984,13249.474404033379,7077.123383354823,8739.831792784658,3743.181924277461,1210.7299256636456,34792.65287217364
2023-03-11,136596.2860950891,79487.13898690675,15683.630944174374,6857.826449572652,10587.510098729583,3362.4862277207117,2260.5367635579455,18357.15662442708
2023-03-12,120764.09227765778,54817.96156298026,16457.538767869177,8108.917012590546,7851.185799059894,4638.146788913458,1301.2282898876779,27589.114056356775
2023-03-13,108458.63680078539,61163.66478801859,12092.194639785479,10676.989978866828,7197.773590821447,3416.257439206745,1147.52451049489,12764.23185359141
2023-03-14,108921.31512497929,65338.63584958676,10897.064750812466,9230.904245161768,8168.171597661362,4182.61286982228,1617.6851429830658,9486.240668951577
2023-03-15,112801.23338170462,49890.43468822636,15314.103299814991,7903.561922286742,7459.403210904675,2360.714045274403,2208.40747251438,27664.608742683064
2023-03-16,111383.92884680147,50460.72333236469,12091.754351029624,6641.690558563832,7296.288439309413,2990.9065871277476,1589.2213702136446,30313.344208192517
2023-03-17,104217.87135954063,55503.51575924065,10966.233777630492,7066.438958568682,8040.671522485372,2131.8967441419077,1413.6957889492594,19095.418808524264
2023-03-18,101563.01655927814,60235.98175632632,11362.444340377317,5940.6210868035605,7484.989328843327,2584.2746432873355,2029.1851098127963,11925.520293827489
2023-03-19,99061.10308150716,57768.75714253218,11787.778548277105,5479.593750237686,7654.666971348628,3689.048301756642,1517.5853514141609,11163.673015940745
2023-03-20,88690.53116699986,44396.27186389955,10979.472365166705,8455.499691104269,5015.219974775209,1838.7493262183518,1219.7089085994833,16785.60903723628
2023-03-21,95789.8738469984,53548.65227033659,9792.455313560766,9567.733695170014,6296.38954380517,2751.366990533236,1327.5143247949063,12505.761708797712
2023-03-22,74605.64778706922,31867.74057581298,11081.077388982863,4342.47559321625,5615.877756241217,1667.5363047630478,891.5072728088983,19139.43289524396
2023-03-23,98524.90559807875,58670.36320456306,13379.992796829574,5194.836778226348,5254.770156162792,2791.881844022948,1489.916339782568,11743.144478491464
2023-03-24,85171.13339273624,50495.464943853614,9893.453581747612,5662.735275161045,6289.024960002717,3132.3414714565133,1225.4891353690648,8472.624025145677
2023-03-25,83446.16024176343,36110.97466778582,9674.319144178731,6098.492310833087,4630.360800260616,2708.7809107414237,1060.429879334855,23162.80252862889
2023-03-26,102698.41226730218,47229.420809599535,12573.071609453656,6186.661457030063,7624.696005177753,3567.2423832139907,1191.856242665581,24325.463760161598
2023-03-27,120880.034295169,50773.361624757716,15873.028212155274,7865.814398539852,8263.362544374944,3261.59503486598,1585.0259941369247,33257.8464863383
2023-03-28,113774.7490900347,51692.8199636113,12210.152855238408,6831.438332144187,6348.298747892381,4424.467197620414,1716.5006706399001,30551.07132288812
2023-03-29,76442.49094565233,43051.734987145835,8366.36237346979,6781.444871881281,4907.655724314647,2613.2050425497237,809.0163158411356,9913.071630449922
2023-03-30,85155.57795144494,40505.36801581987,12174.840225776994,7291.778227205869,5999.819754313546,2421.482003737125,982.4773956209518,15779.812328970584
2023-03-31,114111.56781982323,47662.050430256095,12873.2393383089,9328.344038644103,7875.476839600083,3255.5226958740036,2222.502243095155,30894.432234044885
2023-04-01,85262.68909692536,39940.88934282131,10147.091305120723,5913.896242892364,5355.981800641374,3271.843450783384,1315.479961165127,19317.50699350107
2023-04-02,96630.50275004463,57618.514095667844,13872.62212446805,9223.579296480655,7438.712332887983,3046.5755612838375,1027.6164086185433,4402.882930637701
2023-04-03,108250.78148536828,56933.06084921232,14414.39168717965,10660.171839101475,7098.8591867205105,3694.3376596477906,1832.7807301011696,13617.179533405375
2023-04-04,85474.83317704547,41304.19076459173,10007.871611771821,5015.83122283397,5570.909347396143,2422.4169884252087,907.5742318691358,20246.03901015746
2023-04-05,101580.6325921894,44015.670547278874,13630.594877103917,6211.7198891431535,5268.735258774168,2486.0697028656973,1766.3594398162495,28201.482877207338
2023-04-06,79989.61757622693,47772.62800594497,8077.684401174182,6101.732124608777,6212.282598985976,2757.33697273172,1399.7884888303818,7668.164983950919
2023-04-07,90979.4853407318,51327.87821733453,12444.368064199229,4964.070758553964,5032.393494946833,2925.57958616035,1502.1431547056964,12783.05206483118
2023-04-08,104796.72901213805,47818.27172245854,13031.557302341045,7526.754679569268,6900.900320499054,3146.7164598835675,1815.2937025606798,24557.234824825893
2023-04-09,76105.09399702496,31508.554533631996,10704.87458749182,6019.118644479032,5639.922334977283,2471.92532582831,827.9973802954544,18932.701190321066
2023-04-10,106607.12106940598,43850.18595795678,15749.27069418395,8113.19407373904,6019.421660906615,2576.2369551993584,1840.8710340523378,28457.9406933679
2023-04-11,99705.43301609978,42282.64431086512,14585.850712045121,6634.940829031921,6562.731117935025,3577.308710782213,1133.340011224126,24928.617324216262
2023-04-12,108287.34931625723,55892.91782365546,15751.830000711238,8351.368390203923,6196.261391019449,4219.227723843467,1450.5154409193622,16425.228545904334
2023-04-13,103358.71201096992,60542.64300012829,12982.732549899081,10122.957185902667,7523.568495361761,3909.239705221386,2007.9964716725067,6269.574602784225
2023-04-14,120462.10644960766,60152.59452036305,14215.384529480341,7263.969846791363,8062.557097627325,3183.658668349811,1810.3954577028028,25773.54632929295
2023-04-15,101878.36753971862,57926.92895141103,12556.688740565056,8429.575867335807,7710.081076299831,2864.8314586679526,2004.3819315511053,10385.879513887849
2023-04-16,93558.9168831212,45766.9005946004,12583.18782991173,4880.953229233474,7188.76217930614,3383.8432091601053,1018.7840582314825,18736.485782677875
2023-04-17,101834.46254548426,55165.429928561716,14684.518179502436,5429.897070002735,7073.625892876837,3248.757914292369,1504.6618219704976,14727.571738277664
2023-04-18,108149.47043554582,59090.11796696801,11934.2199963983,8391.47003283571,7760.9938956974065,3348.1225472632427,1148.982483274387,16475.563513108762
2023-04-19,100732.90105488556,43797.93417673467,14697.903134518334,5565.186456182085,6696.3810721220125,3881.524693674731,1642.158090609262,24451.813431044473
2023-04-20,100608.87536805823,47511.85843891102,14161.60585484399,5142.858030988615,6190.752043195217,3090.754877223332,1085.2749825933688,23425.77114030269
2023-04-21,89470.12468289866,47191.9505543869,13325.930954519965,5240.770698360246,6213.121975601795,2710.83505099245,1051.6030384155217,13735.912410621793
2023-04-22,90056.48623673577,37295.932119082165,12969.267708943802,7046.240891534529,6956.742769438899,1876.8106584560342,1133.6583449313998,22777.833744348944
2023-04-23,78960.9209230046,37293.87760448965,9001.297559960445,6724.8685207342305,4935.090043232658,1688.8429580191187,1380.8242498586974,17936.119986709797
2023-04-24,126243.65114780409,64000.46791016857,13293.17817021869,7590.2642182088375,7502.950647997364,2543.608358145964,1469.4282767732793,29843.753566291387
2023-04-25,81342.05146913072,48743.80938526142,8590.701099657583,6784.982250262519,5014.990296904188,3112.5442057341893,1502.0883952351126,7592.935836075703
2023-04-26,89606.42203306139,44346.81974946427,10265.416182825824,5297.873658429179,5650.753815801131,2524.0097888655964,1014.2586204375724,20507.29021723781
2023-04-27,89223.89101646203,50251.90823858798,11662.38218429027,7197.94747967243,4658.096587800099,2620.6152035022624,923.6853789923291,11909.255943616648
2023-04-28,113423.86565416661,55170.89460065796,15903.842595924718,8007.49625208006,7367.249293085761,4186.2184244736,1582.3144418267618,21205.85004611776
2023-04-29,95575.75482561959,53453.4308203477,13854.901825908617,7903.156821739987,6196.12146263427,3076.0986162901654,1891.8662906467036,9200.17898805214
2023-04-30,118716.131090106,61623.520764466855,15574.092536344357,11842.247204750158,8031.5397919453835,3821.476050136782,1318.1553346905282,16505.099407771937
2023-05-01,89897.64063634197,51899.62393253709,9015.076150120965,8710.258657974182,5473.381973266451,2331.107724055673,990.4188876470439,11477.773310740551
2023-05-02,104184.91243335704,50236.767739690105,11389.061095658142,5231.550349928617,7125.542457573627,3821.3116669625247,1824.4512958346947,24556.22782770933
2023-05-03,87469.79420110364,45559.59432776187,9183.130946485935,8245.947034877701,6678.011707767295,2039.498161553042,1147.745133321887,14615.866889335899
2023-05-04,132177.2369166008,69525.72044864814,15618.884955904321,7048.290325159455,10397.607310158597,2784.048063065305,2269.85539172567,24532.830421939347
2023-05-05,82186.0237145573,39735.018356396,10278.804604060726,8025.65665228841,5548.244208804074,1958.6628359872839,986.2409876171215,15653.396069403694
2023-05-06,104647.31065340541,44879.2977147205,10691.80096675014,6706.980502212854,5366.076396404958,2653.3058111997207,1527.926075531923,32821.92318658531
2023-05-07,109506.65321398148,45851.73679112358,12858.6981638064,7567.1004451745375,8659.466367756178,2808.4318464978874,1385.576598578118,30375.64300104478
2023-05-08,106206.98646177247,42836.92161447539,11572.205310035068,5796.980203912606,7559.373793453248,3548.4043030542052,1541.6243746654395,33351.47686217651
2023-05-09,97220.68511683437,55873.39397532366,12867.49875580102,5406.795980076387,5840.912738443842,2367.9548146443362,1719.9283137934299,13144.200538751684
2023-05-10,98052.68950399861,43858.476030644655,12081.426674132126,8465.577824819477,5335.510726021478,3288.01712269895,1727.6981359661524,23295.982989715776
2023-05-11,100657.17207968664,44520.80308356867,12558.58088904526,9785.549221689884,5465.941961923229,2196.6055784575406,1525.7335199399429,24603.957825062113
2023-05-12,97794.96997557268,53514.09996735421,11870.802276033834,7876.15503511278,5381.885273638416,2243.812604779462,1885.850665584399,15022.364153069575
2023-05-13,114458.18675192364,53108.96750784574,16917.032803261936,9819.654075772942,5879.393783285104,3453.939342533805,1446.5043681213676,23832.69487110275
2023-05-14,133157.84502387026,66739.9021550136,14745.467827992952,11731.004709390802,10261.759480401906,5118.310068630546,1651.5718667368199,22909.82891570365
2023-05-15,91637.6232248825,39633.474844273514,11531.056561355037,5786.06493472429,6068.522628398635,3408.1270812935213,1478.8538294881796,23731.523345349327
2023-05-16,79452.95530631383,47032.10890507429,10869.233284301472,4152.329157516937,5641.063083353277,3128.4655854311904,1288.1684079788572,7341.586882657823
2023-05-17,98675.76927473118,56276.397659243165,12614.929469092576,4943.028186080486,7385.215789586591,3257.2458287632553,1032.6814348088142,13166.270907156286
2023-05-18,138695.64006481477,79439.02695362114,20312.12132538512,9366.458340119536,10228.280598568665,4648.5643105542395,2229.9175890144443,12471.270947551631
2023-05-19,87944.88148045405,42332.68641368662,10456.507260057148,5459.021220560171,6725.8634832071575,2858.249100880841,1208.7462496050975,18903.80775245701
2023-05-20,124586.752081661,68830.72233842635,15347.068341172468,6617.535752132851,9844.550959773753,4043.6347763112476,2177.0818867906414,17726.15802705371
2023-05-21,125165.5122111466,53667.871421325115,13070.548267413065,7381.8131448754475,7906.970562288467,2871.5981111642295,2263.124716346847,38003.58598773343
2023-05-22,91696.17637438008,36836.53646611746,11961.762132380924,5155.6124654186915,7199.07267571261,2831.09919200818,1423.2657039735277,26288.82773876869
2023-05-23,108534.74618777914,43847.44990870804,12417.525260967685,10391.541951038593,7781.800038295741,3008.7306271240523,1087.1980134911964,30000.50038815383
2023-05-24,124425.94934692807,64368.07535179519,13439.92515622375,7093.94152719167,6485.086167377765,3589.781250827283,2036.0636940883953,27413.076199424017
2023-05-25,94313.08388518769,46315.1731339823,11999.129663809399,7251.0184285,6644.686255331535,2873.9093730891177,1649.4238683436765,17579.743162131665
2023-05-26,96946.29459846458,48822.45156374819,12274.904840417212,7722.2859625436095,6844.553797554984,2187.8765539064148,1210.842996766329,17883.37888352784
2023-05-27,91274.78629077034,36646.15382563608,9473.737020989782,7044.083519720628,7044.206195620506,2481.7390474455183,1336.8525074575687,27248.014173900265
2023-05-28,84778.649039607,41078.41973217775,11437.5530482526,4658.825985555959,5187.432923208575,1803.1563418576352,1666.5164751403972,18946.744533414094
2023-05-29,90260.8368240099,49067.0213549375,11841.19367818558,5951.792186686905,6096.879885676136,3573.7300417149777,1171.6899614361448,12558.529715372642
2023-05-30,81640.89599856615,39884.74049573519,8935.666615988534,4291.332593950118,4111.894877467114,1826.3526094477024,998.5932735860683,21592.315532391418
2023-05-31,100511.25202388839,54923.75464603122,12410.299489327059,7014.026523894674,6026.8815519278805,2529.9179434838034,1217.0453101006785,16389.326559123074
2023-06-01,88450.40153412038,39502.28480684114,12030.6827132499,5256.602636699933,4587.68455385774,3345.712375711144,1378.7655971033284,22348.668850657195
2023-06-02,103506.78867686122,58235.85899517834,13090.688533395294,8081.978430678889,6795.861299087308,3069.41110850268,2018.1620145995762,12214.828295419138
2023-06-03,76661.56530694559,39686.6381165121,9182.097112796077,6488.667061860425,5713.08275867772,1741.1945097874145,1233.2470339833174,12616.638713328532
2023-06-04,104963.20348321686,46409.75541172969,12188.004206622509,8040.810432367219,5898.226763207839,2905.865432638139,1368.009698738866,28152.531537912597
2023-06-05,112502.93442413387,50327.523404020256,14683.84850001086,8067.791851377913,7405.306682036195,2510.7684755300656,1843.4390829129036,27664.256428245673
2023-06-06,70093.96536142817,36841.81527046302,10300.689164641512,4862.185037314033,3933.6914971019455,1682.5579705174607,1138.9163972560266,11334.110024134177
2023-06-07,105610.84854771358,59774.46435558751,14108.261985290135,9725.131519603176,5662.922772360626,2222.1152966778877,1686.5261865158147,12431.426431678425
2023-06-08,118415.03488709938,57209.32961664578,12284.055428048041,7219.575598245941,7736.042832677999,3406.1551788523443,1372.9349473769557,29186.941285252324
2023-06-09,81855.38471963193,36970.81008774979,10071.015758909867,7097.755468498842,4287.131460517645,2957.657895844098,1337.980942103219,19133.033106008465
2023-06-10,125088.58580256555,71726.08547759759,18080.455120729708,10992.048928737338,8458.570095337436,3967.7328338005254,1788.9724883013919,10074.720858061555
2023-06-11,106285.28514049068,56740.78830104159,11130.526807115617,7542.003872207823,5414.185585332677,3414.617376550412,1082.613473925885,20960.549724316705
2023-06-12,89424.82216362387,43783.921868327525,13363.983951353723,5800.543768925775,4757.530129626962,2147.2402676536126,1376.9316543702828,18194.67052336599
2023-06-13,99163.4638351344,49341.760208000574,14621.996808202972,7291.199373479244,6594.362864602935,2665.3033704723166,1972.625809479021,16676.21540089733
2023-06-14,108374.90368782583,47777.21648317482,11261.639834298327,5923.847696440559,7341.556826786873,3999.558705689426,1462.7789816136217,30608.305159822194
2023-06-15,101140.08087118618,53135.00608748057,14834.283022944137,5289.272402262626,5144.9562571760125,2200.517249180074,1987.9681829785459,18548.07766916421
2023-06-16,108081.33988669554,50987.210197436696,12770.526834258008,6007.178160954907,7263.206939548923,4016.1526893011846,1184.7938535038206,25852.271211691987
2023-06-17,86189.8961038095,51638.86930828804,12259.259377791152,5115.995346094147,6477.608171403261,2557.5817842804054,1493.1969549163587,6647.385161036131
2023-06-18,102540.41236054117,50863.80807695411,12399.101234749038,7711.94557103153,7349.018578259413,3767.6371035037305,1142.6385715844676,19306.263224458875
2023-06-19,78794.2825464253,39174.71456643922,9616.271370258439,7285.069728831295,4249.813211647793,2077.027404155294,1003.5015840980974,15387.884680995157
2023-06-20,98331.60907976949,50460.8669832588,12951.46809215437,6075.134937630399,6664.350017005463,2633.0116346853274,1544.633069454337,18002.14434558079
2023-06-21,86441.38537802815,50425.685943852935,11991.483591113612,8363.904256994105,6065.3823918091475,3028.223029055021,1376.820833493419,5189.885331709913
2023-06-22,88967.0508611535,49836.105268612344,9047.011141663752,8696.119568154585,4547.723049655216,3176.1169069030007,1579.3531554966783,12084.62177066793
2023-06-23,118541.39762815656,58112.07684844741,15369.81679888101,11610.564483929118,8968.89312452009,2915.2759742995304,1914.81271817445,19649.95767990494
2023-06-24,116369.65180891403,63274.81739088088,12723.467856108755,10691.826780565985,8982.34323449735,4591.6469826663215,1854.4838826633131,14251.065681531414
2023-06-25,109137.07181360766,56450.83387146748,12801.503050106734,7442.193570936862,8241.329715639864,2367.161487762295,2087.086161877079,19746.963955817366
2023-06-26,83615.30852991132,41680.00794938789,9816.306221956638,4484.639808677814,6249.319865077068,1786.8640984981823,1214.2286933099676,18383.941893003757
2023-06-27,95253.87325457796,41765.31375096254,11759.378035266545,7471.803031754674,6891.518280526862,3039.559126000146,1167.1131118699054,23159.187918197276
2023-06-28,118196.46549968775,58245.71151137511,13794.333693894354,9211.531875666537,8155.9060919388485,4072.4373944564804,1373.1930440767658,23343.35188827965
2023-06-29,102125.75370459857,45871.183176695406,10760.792127477014,9446.508477565518,7185.446516291517,4005.1394775198664,1429.7550338153576,23426.928895233897
2023-06-30,134789.9430997254,78578.28150463717,14460.458778949062,13451.976009229333,10000.316426121533,3787.451237041557,2308.618464164562,12202.840679582194
2023-07-01,105899.76759091558,49463.80775590078,10767.03050407299,7985.675412763044,7399.74136263984,2171.5624384992907,1104.051127574997,27007.89898946465
2023-07-02,102880.73674735047,60746.21937757679,12707.052292404544,6919.779089443936,6155.540560030078,3298.1431266375503,1161.5784423117875,11892.423858945796
2023-07-03,95363.25303696247,48312.07851718366,14087.287155436801,5654.572249805358,5843.748863372179,2459.792159062485,1054.8257778345346,17950.948314267443
2023-07-04,102003.11357173423,53685.14402543264,10790.273005934152,5124.635532385246,7845.23532338925,2923.3013589116845,1617.0045140131701,20017.519811668084
2023-07-05,97712.95245429185,49695.643749296294,14394.410116128922,7372.997724114333,4935.839109377084,2908.8549549750464,1214.4397450448168,17190.76705535536
2023-07-06,110621.63015032886,47111.111011873894,15118.445327491814,8603.70053199536,7850.221663911727,2355.1624063084755,1290.1351913689105,28292.854017378675
2023-07-07,114350.53475191876,54335.28537370271,15079.969926153359,10434.134552823656,8992.906448264484,3398.4562339303143,1821.3418353981315,20288.440381646113
2023-07-08,88210.15809238076,37033.20208460313,11667.01844976748,6635.948609998942,6279.402860257606,2516.317665981609,1553.6542609173218,22524.614160854675
2023-07-09,80031.50569663334,41983.79230581395,11311.3634947729,7668.8923781842495,6387.903473275388,2741.149922460415,1066.1436378487952,8872.26048427762
2023-07-10,72456.91940345055,35458.59327040423,7633.046140144885,5898.2956622013035,5117.367544356106,2384.7976458743774,1143.5184391566358,14821.300701313012
2023-07-11,107619.86990368816,59793.27624697301,13478.066722141202,9902.837326819792,5491.937837198865,2551.0552279033946,1181.800064865898,15220.89647778601
2023-07-12,83449.50090739189,37059.43068379877,11253.54546948049,4791.260333039939,6242.881901437105,2013.0338149927838,1614.9072565214565,20474.441448121346
2023-07-13,67706.64110571276,29311.099453536448,8757.246173975796,6280.928875242037,3963.472114154421,1694.0285273461125,905.1675021470378,16794.6984593109
2023-07-14,105828.67906796446,50931.7922803127,14989.463358888539,8863.913068230551,6707.603362821886,2495.3353556649076,2113.9338893929034,19726.63775265297
2023-07-15,137394.99276149186,80419.63550863546,14235.98782297295,8039.207951056155,8156.145633883803,4553.855911453957,2718.4805039295725,19271.679429559954
2023-07-16,99908.9363269016,54159.07210702402,13441.253941502506,5943.400578743885,5800.375469274006,3985.227955643416,1777.2035873649106,14802.402687348862
2023-07-17,112577.36161677462,54463.20792633433,14263.707807522751,10844.017842254074,7085.863558005908,3719.7999616070406,1148.3646227300303,21052.39989832048
2023-07-18,101227.44037821348,50963.403695908106,12041.818225435429,5224.425942873313,6211.5732088663835,3252.8052084770957,1562.4201547847595,21970.993941868393
2023-07-19,98516.65520213285,41065.938917986656,11527.80317514638,7204.2025364866995,6797.6647209144685,2778.0276813960672,1070.714888936089,28072.303281266504
2023-07-20,113786.14724481653,67920.67848167654,14910.722392843223,7472.764637143488,8465.067630876754,2987.0690121051225,2156.40454471308,9873.440545458332
2023-07-21,95645.88183717024,51006.17559892355,13825.590099751551,7962.890003791378,5634.753278395839,3655.726694703882,1711.7133755222965,11849.032786081734
2023-07-22,104010.88471107854,47541.37981663578,12981.47332341364,9567.074007077523,5867.424021148617,4095.9525385459415,2051.4486752109883,21906.132329046042
2023-07-23,104825.4670929402,54211.71454729173,14805.146254130555,7130.1136007592,7338.501602778705,3138.005234791365,1685.9949432824988,16515.990909906162
2023-07-24,89978.64319535426,37961.67222868274,10807.138599069076,6419.53568949639,6308.366860669942,2321.809800713076,1369.63043656368,24790.489580159352
2023-07-25,114880.63524304784,68143.44010794802,12076.220570857324,11384.198704150824,8849.707638348904,4067.0552734985836,1745.0068148847308,8615.00613335945
2023-07-26,97375.60364956887,42354.20020063262,10037.018275735449,8685.497349522218,4915.361807798381,2205.4732723543175,1350.0624739145535,27827.990269611328
2023-07-27,88663.82260760733,46956.898075922705,9093.957340396513,8410.668525767811,6702.206508669591,3130.876046010349,1302.1967558635945,13067.019354976772
2023-07-28,108047.64765355605,48523.214518102286,12858.481195040185,7772.743673710758,7091.174158961638,3930.661860952002,1767.0248255080028,26104.347421281156
2023-07-29,86522.98027313444,47026.30198038624,10111.238790459734,5338.797552643112,5938.856265809563,1946.6008362029502,1672.443877175942,14488.740970456885
2023-07-30,100422.71736053692,55771.18946461408,13647.131076349413,7089.158286808592,5296.408918536567,3970.436010837864,1602.630418407929,13045.763184982454
2023-07-31,99863.21505033695,53395.25786161918,13695.348672872877,8568.722811827682,6289.230294778493,3965.592816803034,1854.575687210484,12094.486905225189
2023-08-01,116288.43348747367,60807.209317384346,11924.529767362188,6450.696192087488,6607.400900344675,4504.361487113067,2166.1975781730293,23828.03824500888
2023-08-02,107120.47349319929,61968.53178171692,11896.388780371553,6804.662607606092,6173.004842547801,3205.1191429181436,1626.980753938084,15445.785584100682
2023-08-03,99624.59561882284,41416.469104967684,11328.620857669814,5213.533917181424,6487.8379395318425,2482.792650708011,1342.4111814284074,31352.929967335658
2023-08-04,112266.4944880043,52336.72594089402,14300.573338767123,8040.232973552164,8349.672168730534,3552.132724242019,1840.6921121311195,23846.46522968731
2023-08-05,120853.1132352597,54342.508272248655,12958.56705947825,11042.625323081837,8739.302890953677,3432.068499347308,1747.387781267308,28590.653408882674
2023-08-06,108367.15459527793,64760.514191998496,11562.456900997788,5551.9944158979115,7339.707247726011,2613.7044643206877,1171.9266965472734,15366.850677789756
2023-08-07,100155.28929765071,47862.00492547712,14741.801391491643,8389.62562472661,6628.532019311719,2851.7744534303242,1379.9486905074627,18301.602192705832
2023-08-08,80322.45651474761,43898.032941276804,11262.023303997741,7761.140792277951,5045.790958023116,2672.9543794308765,1601.6877259573669,8080.826413783754
2023-08-09,84023.29505386941,45115.890916664306,9161.290512453656,5196.53773340529,6653.073666005168,1799.6333017857496,880.9942222270311,15215.874701328212
2023-08-10,95421.62943467998,42216.07922439493,11481.931078769394,8080.469808478846,6374.716061400175,2544.738368310267,1618.9872134149307,23104.707679911444
2023-08-11,90857.31696761075,40685.86438414522,10701.274732121079,8972.622973579575,5235.107014897819,1849.4822585981956,1672.854657738431,21740.110946530447
2023-08-12,97195.43045521832,44346.0870290764,13563.642119052765,9536.223036467472,5530.684730044329,3400.8593746563465,1602.4862389095815,19215.447927011424
2023-08-13,100849.74887345661,48632.31610287987,12657.717112286287,6227.1149496744765,6892.1314324738205,3309.2660463603493,1583.087149073705,21548.116080708103
2023-08-14,107945.39131535096,48237.01870746867,11484.578626001321,5938.783305770451,7090.374226548014,2294.211188406461,1843.2262973302795,31057.198963825766
2023-08-15,98942.51832911363,39965.8807700203,13550.13862060667,5680.69830263839,4969.975116753899,3887.921640056314,1414.2276998385664,29473.676179199494
2023-08-16,107297.52465739303,61790.349502219266,12859.007347229859,9131.210705336254,8036.795025082395,2194.4952348205347,1171.0041291903449,12114.662713514379
2023-08-17,100967.1162221518,59885.81450291794,11424.04677563002,8712.244847465045,7181.151918339631,3210.6748276279773,1981.3501698781747,8571.833180293004
2023-08-18,70368.00150469193,32954.32570359589,8357.954530437382,5890.634044393168,4915.548208792136,2499.9885644952346,1007.8814273741932,14741.669025603922
2023-08-19,85909.96909271869,40180.21074691048,10729.109459030185,5739.122649819255,4472.7667799454175,3071.962339893157,1430.7353789245076,20286.061738195684
2023-08-20,97838.68666417577,39274.245395252845,11462.36724143461,5722.471973798666,5954.626399607533,2023.8619860543602,1498.2140202039386,31902.89964782381
2023-08-21,81854.57885738339,43878.15826509894,9175.512642671754,6469.626672794459,6389.688573557652,3120.976156192517,863.2982013894552,11957.318345678621
2023-08-22,108998.93094994307,61593.985619983825,13071.707851045172,8085.979122947122,8270.585702151086,4182.183626383744,2128.4729192432173,11666.01610818891
2023-08-23,122961.26248515546,52789.93333467595,12414.002514081682,10628.98146788027,7201.384728282517,3839.810630304593,2204.1264037465576,33883.023406183886
2023-08-24,118281.42777545976,51089.6838643523,16396.750187032947,8524.306402274216,6471.385860454986,3506.058336927847,1359.1693961161461,30934.0737283013
2023-08-25,96798.35693604688,54015.09486240419,10507.194934802175,6478.90614875108,6144.0471380128665,2022.8290728079066,1918.2035524886785,15712.081226779992
2023-08-26,122360.89205274927,64026.33396759362,12504.699589728732,7913.559628838502,7424.23627923474,3822.442044459892,2125.2880130657445,24544.33252982804
2023-08-27,102230.01185803168,41809.22381086056,13564.38244216647,6192.431259216952,7203.8209103170475,2881.61680483665,1505.1545978212278,29073.382032812777
2023-08-28,94943.71043322941,49798.868411997624,13168.389428765404,6008.732871128792,7499.892724498633,3366.3363639836234,1529.8945205076861,13571.596112347659
2023-08-29,90798.9600468859,41929.46561360758,12774.637944913111,4970.473263736006,5528.752626962143,2549.4233580033915,1004.9053977266651,22041.301841937006
2023-08-30,95462.95470267808,45225.10044396149,11901.887707752034,6428.747491264449,4951.350836393282,3214.3920165994755,1489.6149329815776,22251.861273725764
2023-08-31,94177.34772188157,52169.1917754331,10384.786319216173,4881.069782845592,7244.914583604861,2074.5539594384986,1011.1455211479873,16411.685780195345
2023-09-01,102556.24333563232,57655.79072408495,14035.989386653042,6083.707360337676,5244.571619851669,2323.826575366634,1584.3455166745796,15628.012152663752
2023-09-02,102408.60971574797,49163.4369953299,13823.693143139973,8944.216636301735,8047.573413148903,2334.3227220650074,1590.0940679783257,18505.272737784137
2023-09-03,100045.69030230121,58969.9899818419,11236.485309960442,6630.37299732229,6996.933744191247,2092.0064071224765,1875.295221908135,12244.606639954713
2023-09-04,106554.07254619525,51283.680605675865,15468.4960324695,8887.872406562614,8337.928234278541,3284.6973417635813,1838.1190203037227,17453.27890514143
2023-09-05,117859.69412179512,65337.54945359801,12401.028818413912,10117.572188922275,6598.939593996818,4228.729749117506,1472.7186273563143,17703.155690390282
2023-09-06,114243.31203161986,56753.27307677221,17037.60916243374,9031.992524478434,5851.655983845107,3679.574192855841,2157.4005701063547,19731.806521128165
2023-09-07,77726.53047325145,45043.02693492998,11115.856932049532,7612.138984106322,5024.732556278168,2448.315578118407,1222.8269393112785,5259.632548457783
2023-09-08,61691.18297647068,35876.64618678262,8290.982358022866,3150.6916855654144,3918.5438944753614,2073.593565634563,990.9945034235827,7389.730782566272
2023-09-09,114014.79866858911,47599.28141737012,16753.048842478194,9911.606595570793,6834.590677289907,3054.7878359474557,1332.811754591983,28528.671545340665
2023-09-10,79496.81952376869,46688.37607838386,10820.753981788484,7785.865415944959,6258.760293495841,2165.420340669624,1476.8709227477943,4300.772490738134
2023-09-11,96628.51897160975,54605.44940775997,10583.030774700657,8997.42795650365,7215.9773816474435,2539.9194623951967,1865.8629924989273,10820.850996103909
2023-09-12,82448.3046091096,46027.767206464414,10067.581658906593,4814.538620234635,5758.804711124042,2823.2095763977836,1463.4496974787749,11492.953138503362
2023-09-13,72970.2934362997,32120.229256826417,7557.909176983086,4840.923354221497,4005.0291916953884,1695.3047232267616,1416.1727595672446,21334.72497377931
2023-09-14,108121.94092307182,60658.98667422917,12918.719931950784,6338.388428313503,7787.991211008554,2190.6051902314457,1408.0719329763838,16819.177554361973
2023-09-15,111387.3274045397,63493.733612951655,15268.99165863716,8918.27294979281,7998.765599791472,3555.9211242608235,2073.0509014528866,10078.591557652893
2023-09-16,91352.3439890992,41823.84975916342,10900.359695236531,7820.619275189609,5732.54641990459,3548.8218117843016,1360.1387854989962,20166.00824232174
2023-09-17,61134.36561782635,36096.909405902996,7123.052806008005,4025.923468094495,4752.804278571437,1967.8026405175283,711.5533983363091,6456.319620395589
2023-09-18,91806.33327621275,37638.028753989594,11913.504621555381,7066.822680606137,5050.20547698082,3273.6699895053594,1532.064639664039,25332.03711391143
2023-09-19,105877.0600810382,45525.214234965475,15205.028574092303,8951.484939484564,6143.000458773253,3542.2032489827475,1783.0970308522067,24727.031593887645
2023-09-20,77816.32646838807,39493.04845572808,7966.7701091176295,5530.172159596208,4038.4128981356666,2330.500389925551,1001.4373810266218,17455.985074858312
2023-09-21,102750.39879668734,52932.74072506441,12255.401924155247,9525.041756477514,7589.5070351129925,3531.310091449751,1055.7534958566973,15860.64376857072
2023-09-22,99770.35226240507,52781.51111957225,10766.42195389916,8837.408054705322,6849.512202316088,3639.830220006825,1197.0918370004786,15698.576874904931
2023-09-23,108689.37249401632,43844.621801020105,14647.81810805632,5785.891493855957,6461.388550627877,2662.306277571735,1521.4094328788776,33765.93683000545
2023-09-24,101793.7055262123,60269.340741093605,10717.47529119199,8251.017565837235,5589.941271303307,2720.1934534979578,1188.5055515175547,13057.231651770664
2023-09-25,85403.96588677667,34923.18634487533,11379.25754543025,5275.085060661503,4373.061657797774,2090.220614269625,1019.7489296724486,26343.40573406974
2023-09-26,117948.57252496737,50554.219631258886,13482.588512225002,9185.352799953473,6487.450680077164,3425.634543425107,1641.1254268845464,33172.200931143176
2023-09-27,97622.05640459545,39322.447765920566,10733.139060983433,9551.77369621082,6208.6201995931315,3680.4775583178066,1915.1364351581062,26210.461688411597
2023-09-28,99590.43190735103,51126.90800335706,14621.630973302263,9356.82983070257,5718.015428407037,2679.395123540525,1757.0177368919099,14330.634811149677
2023-09-29,86000.98061390207,50435.565487774904,8679.754649670691,6039.489397810595,4968.230667315285,2364.11000573134,1134.99656669114,12378.83383890809
2023-09-30,93350.76623212734,49773.64213759595,11378.418811707814,6028.190413792828,7119.610053301563,3473.334136595374,1821.8373521528392,13755.73332698099
2023-10-01,86727.95928959649,48960.664402969196,8766.579175048792,5352.874557394177,5676.703139653978,2628.5064653064746,1427.2358800407044,13915.395669183155
2023-10-02,97405.80910114865,39221.05691420346,12095.819516429508,7463.792542408765,7001.291809492904,2991.2330428841533,1417.6925024215213,27214.922773308353
2023-10-03,125675.62720213516,63893.873398772485,15716.03489332845,7001.693661110761,6418.421237619619,4677.147166545275,1845.2954842470797,26123.161360511484
2023-10-04,79421.48285602966,39068.427770256014,9219.493808468267,6152.2859248666455,4841.128598580468,2367.596873822449,1120.4341756642725,16652.115704371543
2023-10-05,75796.57903184889,37882.644256437656,8080.528433943144,3794.883217145635,4879.4108708773865,2549.1261714027587,934.565795564399,17675.420286477907
2023-10-06,122067.55491240413,50589.99935822219,14503.990812777796,8079.954374841718,6786.0412369192145,2650.439797338811,1692.6280126635384,37764.501319640854
2023-10-07,96860.144842722,52002.959578819566,12941.788770985322,5908.150716811839,5192.260345534647,2283.2487689939135,1479.922650631142,17051.81401094557
2023-10-08,89963.90892010125,45039.89868185605,12515.760155428079,8866.9273840812,6847.073341858457,2526.863452215883,1374.6731340851723,12792.712770576414
2023-10-09,115598.57031094114,63929.450748181065,14627.557572481115,9983.337136142165,9037.837105475588,3456.0251816983505,2036.542671597934,12527.819895364926
2023-10-10,90915.76690394703,45190.420794983525,11772.839006235483,6135.238606961447,4760.731486896332,3574.323739536522,1235.3614925090058,18246.85177682471
2023-10-11,127390.14570320405,54762.007962135256,14016.842007721283,6960.884740208319,7703.353624477998,5020.831973284299,2187.031510960041,36739.19388441686
2023-10-12,110168.88807008903,58351.104790926904,12599.631973033818,8355.211747055791,8675.642266691157,4078.88649452245,1738.566231496282,16369.844566362633
2023-10-13,92681.32887781446,40267.93097518957,10018.367901738298,5623.198108263306,4865.292642045693,2438.62896648744,1818.2643914438052,27649.645892646346
2023-10-14,132359.62319898256,76037.81241688986,14885.794249491699,10168.061788344527,9173.745047634251,5199.160890534469,1833.5579083308837,15061.49089775687
2023-10-15,90914.27615494993,47513.91427674503,10113.69855754607,8343.031995610943,7197.377873862648,3071.7040378203014,1728.4771866214296,12946.07222674352
2023-10-16,111131.43058013961,47946.63072654345,13999.49739525274,8978.266891788087,8817.913400510995,3095.9885823366044,2023.306108563284,26269.82747514444
2023-10-17,104489.38870609738,61906.57855340385,13388.68907682813,8535.677661667913,6701.604569010364,3556.139437044745,1711.1854000256064,8689.514008116777
2023-10-18,119526.11934098197,60202.09018296498,17599.906843701407,9209.668511929478,6559.889045432154,2430.0203422657028,1977.5769360319944,21546.96747865624
2023-10-19,123422.66795090279,51168.53146425915,13549.159346998003,11893.41331147265,6919.3869567115225,2829.229375414055,1338.7038872189546,35724.24360882846
2023-10-20,100480.0622359865,52788.86674383262,13271.786988216045,9705.88509822258,7705.619218218912,3676.938683389581,1959.586897441803,11371.378606664948
2023-10-21,88698.73194480725,39971.17717429239,12494.366235947395,6708.831485935689,6860.890389830756,2919.2058982491,981.8382517604913,18762.422508791424
2023-10-22,106899.58214408674,59942.731693159156,13684.437133318665,6979.257177815881,7294.441504923715,2916.636870625593,1671.0898749839905,14410.987889259763
2023-10-23,89834.26945371841,50627.39748587614,10128.830286895043,6556.046618866002,6556.580386257715,2696.2258263594804,1194.8593868007229,12074.3294626633
2023-10-24,130200.80871289935,77572.27096908604,14729.293485108024,7724.53998762793,9400.229855646812,4961.020971938207,1861.678839130777,13951.774604361563
2023-10-25,102048.02996624105,51062.1713747228,10405.087833426898,8349.28568623343,7128.52920622899,3329.9866361676945,1643.1600414100774,20129.80918805115
2023-10-26,94520.17673031837,46408.59162743533,10895.549786762733,7089.449634496639,7071.839755898377,2643.0663482568198,1804.2496958934878,18607.42988157498
2023-10-27,102770.20458797363,56595.05025994587,14103.174080204124,5669.320791343992,7251.691595672859,2302.723995722106,1497.9447149022965,15350.29915018237
2023-10-28,79793.10565705455,34031.29127841196,8168.890036776116,4778.201796940721,5267.946354961356,2064.6415047116957,1586.0711442421693,23896.06354101053
2023-10-29,85425.78942234023,43514.45367155658,9479.252573462536,6319.936395643306,4878.555001099198,3380.0255226524896,1360.6722808408006,16492.893977085318
2023-10-30,118006.20861916638,60094.605099418586,15967.611839685467,11137.361011300565,8533.813016683907,3392.3553091274166,1369.525706692285,17510.93663625815
2023-10-31,90146.58581542906,37671.773634891826,12542.32689512251,7060.23877589315,5787.693512212157,2653.626050680517,1072.7527501766372,23358.174196452266
2023-11-01,84296.3352597709,40765.43942493627,10348.717193203398,7087.361906430609,4960.312521795228,2526.5264431714363,1446.6187119902413,17161.359058243717
2023-11-02,108049.79128790929,61659.36539403009,14576.318457594096,7234.087766419066,8001.993395935914,4071.5409288852893,1134.9526243727769,11371.532720672069
2023-11-03,117785.56231994495,67282.73208775771,14063.314448907424,9254.478728284159,8351.162211803292,3778.3918979437663,1743.6286498092863,13311.854295439305
2023-11-04,110784.29965997601,46512.51490559405,11964.223808815206,8017.34799964693,8654.490194329534,3752.656486670197,1272.0464993578369,30611.019765562247
2023-11-05,114940.71528708725,48061.790745737235,13782.250907544443,9535.078945555433,6317.515177615521,3194.003728203197,1647.3517509012447,32402.724031530175
2023-11-06,88648.07367145809,40116.71906826851,11435.458869767966,4656.575008960295,6158.885069508215,1824.5327005412153,1551.2680855078183,22904.63486890406
2023-11-07,78672.83999887234,45233.20209469971,11596.586207568147,5874.108449122455,4510.0923777729395,3038.3024624876707,1147.689560918248,7272.858846303163
2023-11-08,122520.0047793323,52166.6309795876,12673.16882685765,7939.251131330913,9447.209989297031,4776.14265562814,1425.4603543286264,34092.14084230235
2023-11-09,95159.80241736796,51766.871662780075,11930.156327638091,6309.975420003544,5042.0404589075,3709.6203887562006,1191.329708844283,15209.808450438271
2023-11-10,96237.50475317429,40442.18726094449,11206.47141126581,9435.690032007564,6706.296486656423,3741.111904796938,1316.0859766306842,23389.661680872377
2023-11-11,119922.91212773586,62914.866066787625,15040.202145085817,7091.61030493581,8842.224710436169,4353.781995789313,1282.648918224785,20397.577986476346
2023-11-12,108343.4501410099,51052.891990195785,10964.224148473373,7103.241732269258,6570.763207301752,3650.2989632704093,1716.5260568128053,27285.50404268653
2023-11-13,106838.31658122412,59592.57457862874,12355.986755300288,8065.7190504787395,8400.071014683463,3941.2866917009615,1717.462041075798,12765.216449356129
2023-11-14,132475.03517351625,59181.644154977475,18678.106601415904,12340.228024266502,10004.769079587559,4240.648386170029,1407.0861390650496,26622.552788033747
2023-11-15,90347.22654429785,47688.913115204006,11537.077620475091,6399.610647298762,5315.899715186727,2049.742969825407,1266.9493861975566,16089.033090110315
2023-11-16,113917.60192121856,50936.71859920732,13958.224044586696,9932.847543622633,5721.651992003092,3169.684742215135,1610.795669091933,28587.679330491752
2023-11-17,100855.19687345627,54737.34842019107,11525.354053353542,9361.248757311938,5940.342380712132,3976.3067288534653,1345.2263518004108,13969.370181233724
2023-11-18,104028.88418294887,59789.10388728085,11953.13997254768,6813.9769878779925,6079.376639708996,2811.1471825149056,1620.4992703408209,14961.640242677619
2023-11-19,122927.02639618797,52288.28418014306,14647.378641589159,8560.33192875793,9428.372403747517,4592.130625095855,1654.5455190876628,31755.98309776676
2023-11-20,107617.53634434435,61699.19314039348,15257.85669682847,7299.46193529641,8503.25277372368,2352.9745037633734,1524.3047711266938,10980.492523212248
2023-11-21,108074.4411857445,56059.83925880008,16033.995460238226,9904.243364521384,5632.104922913252,2883.823464075566,1942.6635290796862,15617.771186116297
2023-11-22,116087.61005964704,49386.234643511096,14154.883749003106,6061.786563874284,7445.725211319469,3136.578855394715,1349.0649769984898,34553.336059545865
2023-11-23,94525.70905685672,45893.02302861486,11311.668705293652,6183.971558323775,6281.229581630605,1988.0695206674015,1530.479646179324,21337.267016147103
2023-11-24,87411.85498991491,37776.961325516866,12441.114181869782,7340.010865266383,4614.240169506468,1956.4422262064115,1316.067995142279,21967.01822640672
2023-11-25,84327.8620896845,45542.91287330215,10232.786859166987,6600.525177026964,5171.40034714385,2012.3414274737197,1100.5390106251728,13667.356394945658
2023-11-26,70504.65115935997,38902.60708236235,8996.457549502617,5063.254012045128,4195.906114779696,2591.4909425060014,1217.9922832156117,9536.943174948567
2023-11-27,130843.10694910483,55105.791863021324,14595.166940915375,10074.5805295206,8646.333714454231,2782.7764059917,2029.6230442564888,37608.83445094513
2023-11-28,83451.87451417475,41828.41370040917,11447.52146725778,4997.033928832739,5827.922325539057,2167.580493008749,1232.8858875999354,15950.516711527336
2023-11-29,96681.19564621343,54424.263142475225,12239.782898633219,6916.169680398679,6874.47323037417,1953.2985412449425,1612.322632945811,12660.885520141353
2023-11-30,95847.80050166619,56284.953889389064,13461.989158686192,7196.7464020045745,5185.620071710208,3250.4437973295826,1727.4556188548397,8740.591563691734
2023-12-01,104611.10046713651,52588.37401673319,14544.775549664195,9944.274312190995,7781.855635036522,3390.0337867947947,2063.630529825871,14298.156636890926
2023-12-02,112236.05818808945,66225.54212247224,12430.170202922525,7075.558434902816,7896.50939156427,3692.5264976434282,1828.7186275387562,13087.032911045419
2023-12-03,112907.10232539618,57259.45881053149,15330.727049265442,10544.555191011375,8656.841294271759,3103.551554160728,2116.3758723441515,15895.59255381122
2023-12-04,91253.83842146592,43695.81450888591,12775.785625725392,7502.166955842947,5792.801126013075,2205.181530636148,913.5344572960523,18368.554217066383
2023-12-05,97493.17429320383,55536.07280689117,11436.47210680728,4973.813324087304,7489.103227739749,3354.389567880337,1491.8753510060683,13211.447908791932
2023-12-06,104238.6992573245,51973.05500183008,11323.497396177137,8988.66636284067,7919.350013817695,3775.7714251236525,1266.1328053990308,18992.226252136243
2023-12-07,96269.63310724679,47593.82955378577,9639.633143321087,4984.6099657584045,6079.646822672937,2192.2549695455086,1053.375063921105,24726.283588241975
2023-12-08,124110.18364029989,61814.62807647723,15209.105123503625,12394.766922426574,7624.622187643523,3690.613466862308,1901.332042594787,21475.11582079185
2023-12-09,107364.62427457377,61128.800423247405,12628.40281764385,10052.74671883739,8372.761558911381,2681.3578004285746,1875.473715055639,10625.081240449537
2023-12-10,111023.16679074726,62882.22362489571,14182.709030805936,7201.76056340358,7933.153947703006,2593.7384576220966,1567.9496781666242,14661.631488150306
2023-12-11,109943.21903001118,52850.14499437299,12028.014054457693,6912.191914615611,8558.789394611458,3813.54615621747,1836.169891069285,23944.362624666668
2023-12-12,117602.10786227988,54880.196359107205,16815.134809335923,8123.019157158423,8691.882810450656,3617.668834162374,1751.941243747185,23722.2646483181
2023-12-13,102715.32338055561,51191.83856604962,11595.302854368867,6964.956420014988,7013.291674380643,2498.4173941192676,1476.1073944764823,21975.40907714574
2023-12-14,80547.52078066231,41446.089438393305,8966.669244123963,5526.920447224263,4307.32565792936,2110.3450625145956,1039.2697355789503,17150.901194897873
2023-12-15,105995.31927628962,47450.653457702814,13147.203922511944,6986.557170018933,6226.633572401157,4169.121675965424,1465.4844099886134,26549.665067700742
2023-12-16,90229.64659312257,50419.515978189105,11273.52223806542,7313.714719011487,7134.03156956367,3336.1140757516146,1217.9158273952219,9534.83218514605
2023-12-17,92070.74977375365,45786.466508100166,10197.227891350507,5359.731422654761,5485.820452375365,3461.7621230211,1515.656883001943,20264.084493249815
2023-12-18,108795.46028132639,50786.711951586076,12358.406672960735,10041.71921911909,5744.144208519558,3176.8537623640045,1214.1774761709464,25473.446990605982
2023-12-19,118574.24607150453,49962.942169664755,12863.55814651133,10745.212906106763,8445.640475580114,3850.834441697007,1295.5853364746306,31410.472595469924
2023-12-20,100319.07365104092,44919.77450796119,13635.67034233118,7405.971383667902,7224.992488704404,2762.3212865988708,1665.3096582768349,22705.03398350053
2023-12-21,104632.49518898445,61718.12960294408,14492.066361787565,9692.78795892475,6127.669365787337,2255.2738622275756,1617.9302535733793,8728.637783739774
2023-12-22,125533.22416952856,57873.319143725144,15455.201762528728,7827.90708240176,7397.692907844433,3517.6149570344946,1795.376293516775,31666.112022477217
2023-12-23,103611.29769232852,44943.66509667599,14060.503923515145,5271.563867618683,6638.043205838284,3303.08828672775,1194.0610276979303,28200.37228425473
2023-12-24,139025.24671270594,68419.12838781565,19018.20464270636,11255.53906282199,7042.1387591245475,3578.910995967709,1961.6839234594795,27749.64094081019
2023-12-25,108482.64468447317,50055.79598377058,11598.289215328805,7907.893408895212,7992.967664452323,4009.411311852445,1941.5483496076045,24976.738750566205
2023-12-26,73588.55861266273,29952.887154936903,10913.838271806422,5766.269003539034,4379.4511348653405,1694.1560306493072,1390.5450306560992,19491.411986209634
2023-12-27,111300.12431656799,51713.270297727904,15699.06032064213,10569.835617155253,8415.724397519965,3043.232752222512,1894.969838954936,19964.031092345293
2023-12-28,105717.37577324167,53791.29748099071,11652.610322656765,10412.768105299474,7831.428245281868,2378.4377773589167,1120.511337842333,18530.322503811592
2023-12-29,119346.29131124119,60907.481618718644,13045.534460530025,9753.29602759225,8335.390957115304,3353.2301021198664,1993.5721180738242,21957.78602709128
2023-12-30,110097.72026904937,51890.35298025317,11701.522309640397,9710.924943531334,6577.925480662731,2289.2867905922412,1366.2968429578927,26561.410921411603
2023-12-31,97923.1602402434,47929.52399138254,10469.839331704681,5306.497345104538,6412.938494079317,2492.241166524926,1287.9355822705397,24024.184329176845
